TRAV1-1*01	SLEQPSEVTAVEGAIVQINCTYQTSGFYGLSWYQQHDGGAPTFLSYNALDGLEETGRFSSFLSRSDSYGYLLLQELQMKDSASYF
TRAV1-1*02	SLEQPSEVTAVEGAIVQINCTYQTSGFYGLSWYQQHDGGAPTFLSYNGLDGLEETGRFSSFLSRSDSYGYLLLQELQMKDSASYF
TRAV1-2*01	NIDQPTEMTATEGAIVQINCTYQTSGFNGLFWYQQHAGEAPTFLSYNVLDGLEEKGRFSSFLSRSKGYSYLLLKELQMKDSASYL
TRAV10*01	VEQSPQSLIILEGKNCTLQCNYTVSPFSNLRWYKQDTGRGPVSLTIMTFSENTKSNGRYTATLDADTKQSSLHITASQLSDSASYI
TRAV12-1*01	VEQDPGPFNVPEGATVAFNCTYSNSASQSFFWYRQDCRKEPKLLMSVYSSGNEDGRFTAQLNRASQYISLLIRDSKLSDSATYL
TRAV12-1*02	VEQDPGPFNVPEGATVAFNCTYSNSASQSFFWYRQDCRKEPKLLMSVYSSGNEDGRFTAHVNRASQYISLLIRDSKLSDSATYL
TRAV12-2*01	VEQNSGPLSVPEGAIASLNCTYSDRGSQSFFWYRQYSGKSPELIMFIYSNGDKEDGRFTAQLNKASQYVSLLIRDSQPSDSATYL
TRAV12-2*02	VEQNSGPLSVPEGAIASLNCTYSDRGSQSFFWYRQYSGKSPELIMSIYSNGDKEDGRFTAQLNKASQYVSLLIRDSQPSDSATYL
TRAV12-3*01	VEQDPGPLSVPEGAIVSLNCTYSNSAFQYFMWYRQYSRKGPELLMYTYSSGNKEDGRFTAQVDKSSKYISLFIRDSQPSDSATYL
TRAV12-3*02	VEQDPGPLSVPEGAIVSLNCTYSNSAFQYFMWYRQYSRIGPELLMYTYSSGNKEDGRFTAQVDKSSKYISLFIRDSQPSDSATYL
TRAV13-1*01	VEQHPSTLSVQEGDSAVIKCTYSDSASNYFPWYKQELGKGPQLIIDIRSNVGEKKDQRIAVTLNKTAKHFSLHITETQPEDSAVYF
TRAV13-1*02	VEQHPSTLSVQEGDSAVIKCTYSDSASNYFPWYKQELGKRPQLIIDIRSNVGEKKDQRIAVTLNKTAKHFSLHITETQPEDSAVYF
TRAV13-2*01	VGLHLPTLSVQEGDNSIINCAYSNSASDYFIWYKQESGKGPQFIIDIRSNMDKRQGQRVTVLLNKTVKHLSLQIAATQPGDSAVYF
TRAV13-2*02	VGLHLPTLSVQEGDNSIINCAYSNSASDYFIWYKQESGKGPQFIIDIRSNMDKRQGQRVTVLLNKTVKHLSLQIAATQPGDSAVYF
TRAV14/DV4*01	ITQTQPGMFVQEKEAVTLDCTYDTSDPSYGLFWYKQPSSGEMIFLIYQGSYDQQNATEGRYSLNFQKARKSANLVISASQLGDSAMYF
TRAV14/DV4*02	ITQTQPGMFVQEKEAVTLDCTYDTSDQSYGLFWYKQPSSGEMIFLIYQGSYDEQNATEGRYSLNFQKARKSANLVISASQLGDSAMYF
TRAV14/DV4*03	ITQTQPGMFVQEKEAVTLDCTYDTSDPSYGLFWYKQPSSGEMIFLIYQGSYDQQNATEGRYSLNFQKARKSANLVISASQLGDSAMYF
TRAV16*01	VTQPEKLLSVFKGAPVELKCNYSYSGSPELFWYVQYSRQRLQLLLRHISRESIKGFTADLNKGETSFHLKKPFAQEEDSAMYY
TRAV17*01	GEEDPQALSIQEGENATMNCSYKTSINNLQWYRQNSGRGLVHLILIRSNEREKHSGRLRVTLDTSKKSSSLLITASRAADTASYF
TRAV18*01	VTQTEGPVTLPERAALTLNCTYQSSYSTFLFWYVQYLNKEPELLLKSSENQETDSRGFQASPIKSDSSFHLEKPSVQLSDSAVYY
TRAV19*01	VTQAQTEISVVEKEDVTLDCVYETRDTTYYLFWYKQPPSGELVFLIRRNSFDEQNEISGRYSWNFQKSTSSFNFTITASQVVDSAVYF
TRAV2*01	QVFQPSTVASSEGAVVEIFCNHSVSNAYNFFWYLHFPGCAPRLLVKGSKPSQQGRYNMTYERFSSSLLILQVREADAAVYY
TRAV2*02	QVFQPSTVASSEGAVVEIFCNHSVSNAYNFFWHLHFPGCAPRLLVKGSKPSQQGRYNMTYERFSSSLLILQVREADAAVYY
TRAV20*01	VTQSPEALRLQEGESSSLNCSYTVSGLRGLFWYRQDPGKGPEFLFTLYSAGEEKEKERLKATLTKKESFLHITAPKPEDSATYL
TRAV21*01	VTQIPAALSVPEGENLVLNCSFTDSAIYNLQWFRQDPGKGLTSLLLIQSSQREQTSGRLNASLDKSSGRSTLYIAASQPGDSATYL
TRAV22*01	VEQSPPDLILQEGANSTLRCNFSDSVNNLQWFHQNPWGQLINLFYIPSGTKQNGRLSATTVATERYSLLYISSSQTTDSGVYF
TRAV23/DV6*01	VKQSPQSLIVQKGGISIINCAYENTAFDYFPWYQQFPGKGPALLIAIRPDVSEKKEGRFTISFNKSAKQFSLHIMDSQPGDSATYF
TRAV23/DV6*02	VKQSPQSLIVQKGGIPIINCAYENTAFDYFPWYQQFPGKGPALLIAIRPDVSEKKEGRFTISFNKSAKQFSLHIMDSQPGDSATYF
TRAV23/DV6*03	VKQSPQSLIVQKGGISIINCAYENTAFDYFPWYQQFPGKGPALLIAIRPDVSEKKEGRFTISFNKSAKQFSLHIMDSQPGDSATYF
TRAV24*01	VEQSPQSLHVQEGDSTNFTCSFPSSNFYALHWYRWETAKSPEALFVMTLNGDEKKKGRISATLNTKEGYSYLYIKGSQPEDSATYL
TRAV24*02	VEQGPQSLHVQEGDSTNFTCSFPSSNFYALHWYRWETAKTPEALFVMTLNGDEKKKGRISATLNTKEGYSYLYIKGSQPEDSATYL
TRAV25*01	VMQIPQYQHVQEGEDFTTYCNSSTTLSNIQWYKQRPGGHPVFLIQLVKSGEVKKQKRLTFQFGEAKKNSSLHITATQTTDVGTYF
TRAV26-1*01	KTTQPPSMDCAEGRAANLPCNHSTISGNEYVYWYRQIHSQGPQYIIHGLKNNETNEMASLIITEDRKSSTLILPHATLRDTAVYY
TRAV26-1*02	KTTQPTSMDCAEGRAANLPCNHSTISGNEYVYWYRQIHSQGPQYIIHGLKNNETNEMASLIITEDRKSSTLILPHATLRDTAVYY
TRAV26-2*01	KTTQPNSMESNEEEPVHLPCNHSTISGTDYIHWYRQLPSQGPEYVIHGLTSNVNNRMASLAIAEDRKSSTLILHRATLRDAAVYY
TRAV27*01	LEQSPQFLSIQEGENLTVYCNSSSVFSSLQWYRQEPGEGPVLLVTVVTGGEVKKLKRLTFQFGDARKDSSLHITAAQPGDTGLYL
TRAV27*02	LEQSPQFLSIQEGENLTVYCNSSSVFSSLQWYRQEPGEGPVLLVTVVTGGEVKKLKRLTFQFGDARKDSSLHITAAQPGDTGHYL
TRAV29/DV5*01	VKQNSPSLSVQEGRISILNCDYTNSMFDYFLWYKKYPAEGPTFLISISSIKDKNEDGRFTVFLNKSAKHLSLHIVPSQPGDSAVYF
TRAV29/DV5*02	VKQNSPSLSVQEGRISILNCDYTNSMFDYFLWYKKYPAEGPTFLISISSIKDKNEDGRFTVFLNKSAKHLSLDIVPSQPGDSAVYF
TRAV3*01	VAQPEDQVNVAEGNPLTVKCTYSVSGNPYLFWYVQYPNRGLQFLLKYITGDNLVKGSYGFEAEFNKSQTSFHLKKPSALVSDSALYF
TRAV30*01	PVQSPQAVILREGEDAVINCSSSKALYSVHWYRQKHGEAPVFLMILLKGGEQKGHEKISASFNEKKQQSSLYLTASQLSYSGTYF
TRAV34*01	LEQSPQSLIVQEGKNLTINCTSSKTLYGLYWYKQKYGEGLIFLMMLQKGGEEKSHEKITAKLDEKKQQSSLHITASQPSHAGIYL
TRAV35*01	LNQSPQSMFIQEGEDVSMNCTSSSIFNTWLWYKQEPGEGPVLLIALYKAGELTSNGRLTAQFGITRKDSFLNISASIPSDVGIYF
TRAV36/DV7*01	VVQSPLSLVVHEGDTVTLNCSYEVTNFRSLLWYKQEKKAPTFLFMLTSSGIEKKSGRLSSILDKKELSSILNITATQTGDSAIYL
TRAV36/DV7*02	VVQSPQSLVVHEGDTVTLNCSYEMTNFRSLQWYKQEKKAPTFLFMLTSSGIEKKSGRLSSILDKKELFSILNITATQTGDSAVYL
TRAV36/DV7*04	VVQSPLSLVVHEGDTVTLNCSYEVTNFRSLLWYKQEKKAPTFLFMLTSSGIEKKSGRLSSILDKKELFSILNITATQTGDSAVYL
TRAV38-1*01	VTQSQPEMSVQEAETVTLSCTYDTSENNYYLFWYKQPPSRQMILVIRQEAYKQQNATENRFSVNFQKAAKSFSLKISDSQLGDTAMYF
TRAV38-1*02	VTQSQPEMSVQEAETVTLSCTYDTSENDYYLFWYKQPPSRQMILVIRQEAYKQQNATENRFSVNFQKAAKSFSLKISDSQLGDTAMYF
TRAV38-1*03	VTQSQPEMSVQEAETVTLSCTYDTSESNYYLFWYKQPPSRQMILVIRQEAYKQQNATENRFSVNFQKAAKSFSLKISDSQLGDTAMYF
TRAV38-2/DV8*01	VTQSQPEMSVQEAETVTLSCTYDTSESDYYLFWYKQPPSRQMILVIRQEAYKQQNATENRFSVNFQKAAKSFSLKISDSQLGDAAMYF
TRAV39*01	VEQNPLFLSMQEGKNYTIYCNYSTTSDRLYWYRQDPGKSLESLFVLLSNGAVKQEGRLMASLDTKARLSTLHITAAVHDLSATYF
TRAV4*01	KTTQPISMDSYEGQEVNITCSHNNIATNDYITWYQQFPSQGPRFIIQGYKTKVTNEVASLFIPADRKSSTLSLPRVSLSDTAVYY
TRAV40*01	SVKQTGQITVSEGASVTMNCTYTSTGYPTLFWYVEYPSKPLQLLQRETMENSKNFGGGNIKDKNSPIVKYSVQVSDSAVYY
TRAV41*01	VEQSPQNLTAQEGEFITINCSYSVGISALHWLQQHPGGGIVSLFMLSSGKKKHGRLIATINIQEKHSSLHITASHPRDSAVYI
TRAV5*01	DVEQSLFLSVREGDSSVINCTYTDSSSTYLYWYKQEPGAGLQLLTYIFSNMDMKQDQRLTVLLNKKDKHLSLRIADTQTGDSAIYF
TRAV6*01	IEQNSEALNIQEGKTATLTCNYTNYSPAYLQWYRQDPGRGPVFLLLIRENEKEKRKERLKVTFDTTLKQSLFHITASQPADSATYL
TRAV7*01	VEHSPHFLGPQQGDVASMSCTYSVSRFNNLQWYRQNTGMGPKHLLSMYSAGYEKQKGRLNATLLKNGSSLYITAVQPEDSATYF
TRAV8-1*01	VSQHNHHVILSEAASLELGCNYSYGGTVNLFWYVQYPGQHLQLLLKYFSGDPLVKGIKGFEAEFIKSKFSFNLRKPSVQWSDTAEYF
TRAV8-2*01	VTQLDSHVSVSEGTPVLLRCNYSSSYSPSLFWYVQHPNKGLQLLLKYTSAATLVKGINGFEAEFKKSETSFHLTKPSAHMSDAAEYF
TRAV8-2*02	VTQLSSHVSVSEGTPVLLRCNYSSSYSPSLFWYVQHPNKGLQLLLKYTSAATLVKGINGFEAEFKKSETSFHLTKPSAHMSDAAEYF
TRAV8-3*01	VTQPDIHITVSEGASLELRCNYSYGATPYLFWYVQSPGQGLQLLLKYFSGDTLVQGIKGFEAEFKRSQSSFNLRKPSVHWSDAAEYF
TRAV8-3*02	VTQPDIHITVSEGASLELRCNYSYGATPYLFWYVQSPGQGLQLLLKYFSGDTLVQGIKGFEAEFKRSQSSFNLRKPSVHWSDAAEYF
TRAV8-4*01	VTQLGSHVSVSEGALVLLRCNYSSSVPPYLFWYVQYPNQGLQLLLKYTSAATLVKGINGFEAEFKKSETSFHLTKPSAHMSDAAEYF
TRAV8-4*02	VTQLGSHVSVSEGALVLLRCNYSSSVPPYLFWYVQYPNQGLQLLLKYTSAATLVKGINGFEAEFKKSETSFHLTKPSAHMSDAAEYF
TRAV8-4*04	VTQLGSHVSVSERALVLLRCNYSSSVPPYLFWYVQYPNQGLQLLLKYTSAATLVKGINGFEAEFKKSETSFHLTKPSAHMSDAAEYF
TRAV8-4*05	VTQLGSHVSVSEGALVLLRCNYSSSVPPYLFWYVQYPNQGLQLLLKYTSAATLVKGINGFEAEFKKSETSFHLTKPSAHMSDAAEYF
TRAV8-6*01	VTQLDSQVPVFEEAPVELRCNYSSSVSVYLFWYVQYPNQGLQLLLKYLSGSTLVESINGFEAEFNKSQTSFHLRKPSVHISDTAEYF
TRAV8-6*02	VTQLDSQVPVFEEAPVELRCNYSSSVSVYLFWYVQYPNQGLQLLLKYLSGSTLVKGINGFEAEFNKSQTSFHLRKPSVHISDTAEYF
TRAV8-7*01	VTQLDGHITVSEEAPLELKCNYSYSGVPSLFWYVQYSSQSLQLLLKDLTEATQVKGIRGFEAEFKKSETSFYLRKPSTHVSDAAEYF
TRAV9-1*01	VVQTEGQVLPSEGDSLIVNCSYETTQYPSLFWYVQYPGEGPQLHLKAMKANDKGRNKGFEAMYRKETTSFHLEKDSVQESDSAVYF
TRAV9-2*01	VTQMEGPVTLSEEAFLTINCTYTATGYPSLFWYVQYPGEGLQLLLKATKADDKGSNKGFEATYRKETTSFHLEKGSVQVSDSAVYF
TRAV9-2*04	VTQMEGPVTLSEEAFLTINCTYTATGYPSLFWYVQYPGEGLQLLLKATKADDKGSNKGFEATYRKETTSFHLEKGSVQVSDSAVYF
TRAJ1*01	GKGTRVSTSP
TRAJ10*01	GTGTQLKVEL
TRAJ11*01	GKGTMLLVSP
TRAJ12*01	GSGTRLLVRP
TRAJ13*01	GIGTKLQVIP
TRAJ13*02	GTGTKLQVIP
TRAJ14*01	GSGTRLSVKP
TRAJ15*01	GKGTTLSVSS
TRAJ15*02	GKGTHLSVSS
TRAJ16*01	ARGTMLKVDL
TRAJ17*01	GGGTRVLVKP
TRAJ18*01	GRGTQLTVWP
TRAJ19*01	GKGSKHNVTP
TRAJ2*01	GKGTHVFIIS
TRAJ20*01	GAGTTVTVRA
TRAJ21*01	GSGTKLNVKP
TRAJ22*01	GSGTQLTVLP
TRAJ23*01	GQGTELSVKP
TRAJ23*02	GQGTELSVKP
TRAJ24*01	GAGTQVVVTP
TRAJ24*02	GAGTQVVVTP
TRAJ25*01	GKGTRLLVKP
TRAJ26*01	GPGTRLSVLP
TRAJ27*01	GDGTTLTVKP
TRAJ28*01	GKGTKLSVIP
TRAJ29*01	GKGTRLSVIA
TRAJ3*01	GSGTRLSIRP
TRAJ30*01	GKGTRLHILP
TRAJ31*01	GDGTQLVVKP
TRAJ32*01	GTGTLLAVQP
TRAJ32*02	GTGTLLAVQP
TRAJ33*01	WGAGTKLIIKP
TRAJ34*01	GTGTRLQVFP
TRAJ36*01	GTGTRLTVIP
TRAJ37*01	GQGTTLQVKP
TRAJ37*02	GQGTTLQVKP
TRAJ38*01	WGLGTSLAVNP
TRAJ39*01	GGGTRLMVKP
TRAJ4*01	GAGTRLAVHP
TRAJ40*01	GTGTRLKVLA
TRAJ41*01	GKGTSLLVTP
TRAJ42*01	GKGTKLSVKP
TRAJ43*01	GAGTRLTVKP
TRAJ44*01	GTGTRLQVTL
TRAJ45*01	GKGTHLIIQP
TRAJ46*01	GTGTRLAVRP
TRAJ47*01	GAGTILRVKS
TRAJ47*02	GAGTILRVKS
TRAJ48*01	GTGTRLTIIP
TRAJ49*01	GTGTSLTVIP
TRAJ5*01	GSGTRLQVQP
TRAJ50*01	GPGTSLSVIP
TRAJ52*01	GQGTILTVHP
TRAJ53*01	GKGTLLTVNP
TRAJ54*01	GQGTRLTINP
TRAJ56*01	GKGITLSVRP
TRAJ57*01	GKGTKLTVNP
TRAJ59*01	GMGTQVRV
TRAJ6*01	GRGTSLIVHP
TRAJ7*01	GKGNQVVVIP
TRAJ8*01	GTGTRLLVSP
TRAJ9*01	GAGTRLFVKA
TRBV10-1*01	ITQSPRHKITETGRQVTLACHQTWNHNNMFWYRQDLGHGLRLIHYSYGVQDTNKGEVSDGYSVSRSNTEDLPLTLESAASSQTSVYF
TRBV10-1*02	ITQSPRHKITETGRQVTLACHQTWNHNNMFWYRQDLGHGLRLIHYSYGVHDTNKGEVSDGYSVSRSNTEDLPLTLESAASSQTSVYF
TRBV10-2*01	ITQSPRYKITETGRQVTLMCHQTWSHSYMFWYRQDLGHGLRLIYYSAAADITDKGEVPDGYVVSRSKTENFPLTLESATRSQTSVYF
TRBV10-3*01	ITQSPRHKVTETGTPVTLRCHQTENHRYMYWYRQDPGHGLRLIHYSYGVKDTDKGEVSDGYSVSRSKTEDFLLTLESATSSQTSVYF
TRBV10-3*02	ITQSPRHKVTETGTPVTLRCHQTENHRYMYWYRQDPGHGLRLIHYSYGVKDTDKGEVSDGYSVSRSKTEDFLLTLESATSSQTSVYF
TRBV10-3*03	ITQSPRHKVTETGTPVTLRCHQTENHRYMYWYRQDPGHGLRLIHYSYGVKDTDKGEVSDGYSVSRSKTEDFLLTLESATSSQTSVYF
TRBV10-3*04	ITQSPRHKVTETGTPVTLRCHQTENHRYMYWYRQDPGHGLRLIHYSYGVKDTDKGEVSDGYSVSRSKTEDFLLTLESATSSQTSVYF
TRBV11-1*01	VAQSPRYKITEKSQAVAFWCDPISGHATLYWYRQILGQGPELLVQFQDESVVDDSQLPKDRFSAERLKGVDSTLKIQPAELGDSAMYL
TRBV11-2*01	VAQSPRYKIIEKRQSVAFWCNPISGHATLYWYQQILGQGPKLLIQFQNNGVVDDSQLPKDRFSAERLKGVDSTLKIQPAKLEDSAVYL
TRBV11-2*03	VAQSPRYKIIEKRQSVAFWCNPISGHATLYWYQQILGQGPKLLIQFQNNGVVDDSQLPKDRFSAERLKGVDSTLKIQPAKLEDSAVYL
TRBV11-3*01	VVQSPRYKIIEKKQPVAFWCNPISGHNTLYWYLQNLGQGPELLIRYENEEAVDDSQLPKDRFSAERLKGVDSTLKIQPAELGDSAVYL
TRBV12-3*01	VIQSPRHEVTEMGQEVTLRCKPISGHNSLFWYRQTMMRGLELLIYFNNNVPIDDSGMPEDRFSAKMPNASFSTLKIQPSEPRDSAVYF
TRBV12-4*01	VIQSPRHEVTEMGQEVTLRCKPISGHDYLFWYRQTMMRGLELLIYFNNNVPIDDSGMPEDRFSAKMPNASFSTLKIQPSEPRDSAVYF
TRBV12-4*02	VIQSPRHEVTEMGQEVTLRCKPISGHDYLFWYRQTMMRGLELLIYFNNNVPIDDSGMPEDRFSAKMPNASFSTLRIQPSEPRDSAVYF
TRBV12-5*01	VTQTPRHKVTEMGQEVTMRCQPILGHNTVFWYRQTMMQGLELLAYFRNRAPLDDSGMPKDRFSAEMPDATLATLKIQPSEPRDSAVYF
TRBV13*01	VIQSPRHLIKEKRETATLKCYPIPRHDTVYWYQQGPGQDPQFLISFYEKMQSDKGSIPDRFSAQQFSDYHSELNMSSLELGDSALYF
TRBV13*02	VIQSPRHLIREKRETATLKCYPIPRHDTVYWYQQGPGQDPQFFISFYEKMQSDKGSIPDRFSAQQFSDYHSELNMSSLELGDSALYF
TRBV14*01	VTQFPSHSVIEKGQTVTLRCDPISGHDNLYWYRRVMGKEIKFLLHFVKESKQDESGMPNNRFLAERTGGTYSTLKVQPAELEDSGVYF
TRBV14*02	VTQFPSHSVIEKGQTVTLRCDPISGHDNLYWYRRVMGKEIKFLLHFVKESKQDESGMPNNRFLAERTGGTYSTLKVQPAELEDSGVYF
TRBV15*01	VIQNPRYQVTQFGKPVTLSCSQTLNHNVMYWYQQKSSQAPKLLFHYYDKDFNNEADTPDNFQSRRPNTSFCFLDIRSPGLGDTAMYL
TRBV15*02	VIQNPRYQVTQFGKPVTLSCSQTLNHNVMYWYQQKSSQAPKLLFHYYDKDFNNEADTPDNFQSRRPNTSFCFLDIRSPGLGDAAMYL
TRBV15*03	VIQNPRYRVTQFGKPVTLSCSQTLNHNVMYWYQQKSSQAPKLLFHYYNKDFNNEADTPDNFQSRRPNTSFCFLDIRSPGLGDAAMYQ
TRBV16*01	VAQTPKHLVRGEGQKAKLYCAPIKGHSYVFWYQQVLKNEFKFLISFQNENVFDETGMPKERFSAKCLPNSPCSLEIQATKLEDSAVYF
TRBV16*03	VAQTPKHLVRGEGQKAKLYCAPIKGHSYVFWYQQVLKNEFKFLVSFQNENVFDETGMPKERFSAKCLPNSPCSLEIQATKLEDSAVYF
TRBV18*01	VMQNPRHLVRRRGQEARLRCSPMKGHSHVYWYRQLPEEGLKFMVYLQKENIIDESGMPKERFSAEFPKEGPSILRIQQVVRGDSAAYF
TRBV19*01	ITQSPKYLFRKEGQNVTLSCEQNLNHDAMYWYRQDPGQGLRLIYYSQIVNDFQKGDIAEGYSVSREKKESFPLTVTSAQKNPTAFYL
TRBV19*02	ITQSPKYLFRKEGQNVTLSCEQNLNHDAMYWYRQVPGQGLRLIYYSHIVNDFQKGDIAEGYSVSREKKESFPLTVTSAQKNPTAFYL
TRBV19*03	ITQSPKYLFRKEGQNVTLSCEQNLNHDAMYWYRQDPGQGLRLIYYSHIVNDFQKGDIAEGYSVSREKKESFPLTVTSAQKNPTAFYL
TRBV2*01	VTQTPSHQVTQMGQEVILRCVPISNHLYFYWYRQILGQKVEFLVSFYNNEISEKSEIFDDQFSVERPDGSNFTLKIRSTKLEDSAMYF
TRBV2*02	VTQTPSHQVTQMGQEVILHCVPISNHLYFYWYRQILGQKVEFLVSFYNNEISEKSEIFDDQFSVERPDGSNFTLKIRSTKLEDSAMYF
TRBV2*03	VTQTPSHQVTQMGQEVILRCVPISNHLYFYWYRQILGQKVEFLVSFYNNEISEKSEIFDDQFSVERPDGSNFTLKIRSTKLEDSAMYF
TRBV20-1*01	VSQHPSWVICKSGTSVKIECRSLDFQATTMFWYRQFPKQSLMLMATSNEGSKATYEQGVEKDKFLINHASLTLSTLTVTSAHPEDSSFYI
TRBV20-1*03	VSQHPSWVICKSGTSVKIECRSLDFQATTMFWYRQFPKQSLMLMATSNEGCKATYEQGVEKDKFLINHASLTLSTLTVTSAHPEDSSFYI
TRBV20-1*04	VSQHPSRVICKSGTSVKIECRSLDFQATTMFWYRQFPKKSLMLMATSNEGSKATYEQGVEKDKFLINHASLTLSTLTVTSAHPEDSSFYI
TRBV20-1*06	VSQHPSRVICKSGTSVKIECRSLDFQATTMFWYRQFPKKSLMLMATSNEGSKATYEQGVEKDKFLINHASLTLSTLTVTSAHPEDSSFYI
TRBV20-1*07	VSQHPSRVICKSGTSVKIECRSLDFQATTMFWYRQFPKKSLMQIATSNEGSKATYEQGVEKDKFLINHASLTLSTLTVTSAHPEDSSFYI
TRBV24-1*01	VTQTPRNRITKTGKRIMLECSQTKGHDRMYWYRQDPGLGLRLIYYSFDVKDINKGEISDGYSVSRQAQAKFSLSLESAIPNQTALYF
TRBV25-1*01	IYQTPRYLVIGTGKKITLECSQTMGHDKMYWYQQDPGMELHLIHYSYGVNSTEKGDLSSESTVSRIRTEHFPLTLESARPSHTSQYL
TRBV27*01	VTQNPRYLITVTGKKLTVTCSQNMNHEYMSWYRQDPGLGLRQIYYSMNVEVTDKGDVPEGYKVSRKEKRNFPLILESPSPNQTSLYF
TRBV28*01	VTQSSRYLVKRTGEKVFLECVQDMDHENMFWYRQDPGLGLRLIYFSYDVKMKEKGDIPEGYSVSREKKERFSLILESASTNQTSMYL
TRBV29-1*01	ISQKPSRDICQRGTSLTIQCQVDSQVTMMFWYRQQPGQSLTLIATANQGSEATYESGFVIDKFPISRPNLTFSTLTVSNMSPEDSSIYL
TRBV29-1*02	ISQKPSRDICQRGTSLTIQCQVDSQVTMMFWYRQQPGQSLTLIATANQGSEATYESGFVIDKFPISRPNLTFSSLTVSNMSPEDSSIYL
TRBV3-1*01	VSQTPKYLVTQMGNDKSIKCEQNLGHDTMYWYKQDSKKFLKIMFSYNNKELIINETVPNRFSPKSPDKAHLNLHINSLELGDSAVYF
TRBV30*01	IHQWPATLVQPVGSPLSLECTVEGTSNPNLYWYRQAAGRGLQLLFYSVGIGQISSEVPQNLSASRPQDRQFILSSKKLLLSDSGFYL
TRBV30*02	IHQWPATLVQPVGSPLSLECTVEGTSNPNLYWYRQAAGRGLQLLFYSVGIGQISSEVPQNLSASRPQDRQFILSSKKLLLSDSGFYL
TRBV30*05	IHQWPATLVQPVGSPLSLECTVEGTSNPNLYWYRQAAGRGLQLLFYSVGIGQISSEVPQNLSASRPQDRQFILSSKKLLLSDSGFYL
TRBV4-1*01	VTQTPKHLVMGMTNKKSLKCEQHMGHRAMYWYKQKAKKPPELMFVYSYEKLSINESVPSRFSPECPNSSLLNLHLHALQPEDSALYL
TRBV4-2*01	VTQTPRHLVMGMTNKKSLKCEQHLGHNAMYWYKQSAKKPLELMFVYNFKEQTENNSVPSRFSPECPNSSHLFLHLHTLQPEDSALYL
TRBV4-2*02	VTQTPRHLVMGMTNKKSLKCEQHLGHNAMYWYKQSAKKPLELMFVYNFKEQTENNSVPSRFSPECPNSSHLCLHLHTLQPEDSALYL
TRBV4-3*01	VTQTPRHLVMGMTNKKSLKCEQHLGHNAMYWYKQSAKKPLELMFVYSLEERVENNSVPSRFSPECPNSSHLFLHLHTLQPEDSALYL
TRBV4-3*02	VTQTPRHLVMGMTNKKSLKCEQHLGHNAMYWYKQSAKKPLELMFVYSLEERVENNSVPSRFSPECPNSSHLSLHLHTLQPEDSALYL
TRBV4-3*03	VTQTPRHLVMGMTNKKSLKCEQHLGHNAMYWYKQSAKKPLELMFVYSLEERVENNSVPSRFSPECPNSSHLFLHLHTLQPEDSALYL
TRBV5-1*01	VTQTPRYLIKTRGQQVTLSCSPISGHRSVSWYQQTPGQGLQFLFEYFSETQRNKGNFPGRFSGRQFSNSRSEMNVSTLELGDSALYL
TRBV5-1*02	VTQTPRHLIKTRGQQVTLGCSPISGHRSVSWYQQTLGQGLQFLFEYFSETQRNKGNFLGRFSGRQFSNSRSEMNVSTLELGDSALYL
TRBV5-4*01	VTQSPTHLIKTRGQQVTLRCSSQSGHNTVSWYQQALGQGPQFIFQYYREEENGRGNFPPRFSGLQFPNYSSELNVNALELDDSALYL
TRBV5-4*02	VTQSPTHLIKTRGQQVTLRCSSQSGHNTVSWYQQALGQGPQFIFQYYREEENGRGNFPPRFSGLQFPNYNSELNVNALELDDSALYL
TRBV5-5*01	VTQSPTHLIKTRGQQVTLRCSPISGHKSVSWYQQVLGQGPQFIFQYYEKEERGRGNFPDRFSARQFPNYSSELNVNALLLGDSALYL
TRBV5-5*02	VTQSPTHLIKTRGQHVTLRCSPISGHKSVSWYQQVLGQGPQFIFQYYEKEERGRGNFPDRFSARQFPNYSSELNVNALLLGDSALYL
TRBV5-5*03	VTQSPTHLIKTRGQQVTLRCSPISEHKSVSWYQQVLGQGPQFIFQYYEKEERGRGNFPDRFSARQFPNYSSELNVNALLLGDSALYL
TRBV5-6*01	VTQSPTHLIKTRGQQVTLRCSPKSGHDTVSWYQQALGQGPQFIFQYYEEEERQRGNFPDRFSGHQFPNYSSELNVNALLLGDSALYL
TRBV5-8*01	VTQSPTHLIKTRGQQATLRCSPISGHTSVYWYQQALGLGLQFLLWYDEGEERNRGNFPPRFSGRQFPNYSSELNVNALELEDSALYL
TRBV6-1*01	VTQTPKFQVLKTGQSMTLQCAQDMNHNSMYWYRQDPGMGLRLIYYSASEGTTDKGEVPNGYNVSRLNKREFSLRLESAAPSQTSVYF
TRBV6-2*01	VTQTPKFRVLKTGQSMTLLCAQDMNHEYMYWYRQDPGMGLRLIHYSVGEGTTAKGEVPDGYNVSRLKKQNFLLGLESAAPSQTSVYF
TRBV6-3*01	VTQTPKFRVLKTGQSMTLLCAQDMNHEYMYWYRQDPGMGLRLIHYSVGEGTTAKGEVPDGYNVSRLKKQNFLLGLESAAPSQTSVYF
TRBV6-4*01	ITQAPTSQILAAGRRMTLRCTQDMRHNAMYWYRQDLGLGLRLIHYSNTAGTTGKGEVPDGYSVSRANTDDFPLTLASAVPSQTSVYF
TRBV6-4*02	ITQAPTSQILAAGRSMTLRCTQDMRHNAMYWYRQDLGLGLRLIHYSNTAGTTGKGEVPDGYSVSRANTDDFPLTLASAVPSQTSVYF
TRBV6-5*01	VTQTPKFQVLKTGQSMTLQCAQDMNHEYMSWYRQDPGMGLRLIHYSVGAGITDQGEVPNGYNVSRSTTEDFPLRLLSAAPSQTSVYF
TRBV6-6*01	VTQTPKFRILKIGQSMTLQCTQDMNHNYMYWYRQDPGMGLKLIYYSVGAGITDKGEVPNGYNVSRSTTEDFPLRLELAAPSQTSVYF
TRBV6-6*02	VTQTPKFRILKIGQSMTLQCAQDMNHNYMYWYRQDPGMGLKLIYYSVGAGITDKGEVPNGYNVSRSTTEDFPLRLELAAPSQTSVYF
TRBV6-6*03	VTQTPKFRILKIGQSMTLQCAQDMNHNYMYWYRQDPGMGLKLIYYSVGAGITDKGEVPNGYNVSRSTTEDFPLRLELAAPSQTSVYF
TRBV6-6*04	VTQTPKFRILKIGQSMTLQCTQDMNHEYMYWYRQDPGMGLKLIYYSVGAGITDKGEVPNGYNVSRSTTEDFPLRLELAAPSQTSVYF
TRBV6-6*05	VTQTPKFRILKIGQSMTLQCAQDMNHNYMYWYRQDPGMGLKLIYYSVGAGITDKGEVPNGYNVSRSTTEDFPLRLELAAASQTSVYF
TRBV6-8*01	VTQTPKFHILKTGQSMTLQCAQDMNHGYMSWYRQDPGMGLRLIYYSAAAGTTDKEVPNGYNVSRLNTEDFPLRLVSAAPSQTSVYL
TRBV6-9*01	VTQTPKFHILKTGQSMTLQCAQDMNHGYLSWYRQDPGMGLRRIHYSVAAGITDKGEVPDGYNVSRSNTEDFPLRLESAAPSQTSVYF
TRBV7-2*01	VSQSPSNKVTEKGKDVELRCDPISGHTALYWYRQSLGQGLEFLIYFQGNSAPDKSGLPSDRFSAERTGGSVSTLTIQRTQQEDSAVYL
TRBV7-2*02	VSQSPSNKVTEKGKDVELRCDPISGHTALYWYRQRLGQGLEFLIYFQGNSAPDKSGLPSDRFSAERTGESVSTLTIQRTQQEDSAVYL
TRBV7-2*03	VSQSPSNKVTEKGKDVELRCDPISGHTALYWYRQRLGQGLEFLIYFQGNSAPDKSGLPSDRFSAERTGESVSTLTIQRTQQEDSAVYL
TRBV7-2*04	VSQSPSNKVTEKGKDVELRCDPISGHTALYWYRQSLGQGLEFLIYFQGNSAPDKSGLPSDRFSAERTGGSVSTLTIQRTQQEDSAVYL
TRBV7-3*01	VSQTPSNKVTEKGKYVELRCDPISGHTALYWYRQSLGQGPEFLIYFQGTGAADDSGLPNDRFFAVRPEGSVSTLKIQRTERGDSAVYL
TRBV7-3*04	VSQTPSNKVTEKGKYVELRCDPISGHTALYWYRQSLGQGPEFLIYFQGTGAADDSGLPNDRFFAVRPEGSVSTLKIQRTERGDSAVYL
TRBV7-4*01	VSQSPRYKVAKRGRDVALRCDSISGHVTLYWYRQTLGQGSEVLTYSQSDAQRDKSGRPSGRFSAERPERSVSTLKIQRTEQGDSAVYL
TRBV7-6*01	VSQSPRYKVTKRGQDVALRCDPISGHVSLYWYRQALGQGPEFLTYFNYEAQQDKSGLPNDRFSAERPEGSISTLTIQRTEQRDSAMYR
TRBV7-6*02	VSQSPRYKVTKRGQDVALRCDPISGHVSLYWYRQALGQGPEFLTYFNYEAQQDKSGLPNDRFSAERPEGSISTLTIQRTEQRDSAMYR
TRBV7-7*01	VSQSPRYKVTKRGQDVTLRCDPISSHATLYWYQQALGQGPEFLTYFNYEAQPDKSGLPSDRFSAERPEGSISTLTIQRTEQRDSAMYR
TRBV7-7*02	VSQSPRYKVTKRGQDVTLRCDPISSHVTLYWYQQALGQGPEFLTYFNYEAQPDKSGLPSDRFSAERPEGSISTLTIQRTEQRDSAMYR
TRBV7-8*01	VSQSPRYKVAKRGQDVALRCDPISGHVSLFWYQQALGQGPEFLTYFQNEAQLDKSGLPSDRFFAERPEGSVSTLKIQRTQQEDSAVYL
TRBV7-8*02	VSQSPRYKVAKRGQDVALRCDPISGHVSLFWYQQALGQGPEFLTYFQNEAQLDKSGLPSDRFFAERPEGSVSTLKIQRTQKEDSAVYL
TRBV7-8*03	VSQSPRYKVAKRGQDVALRCDPISGHVSLFWYQQALGQGPEFLTYFQNEAQLDKSGLPSDRFFAERPEGSVSTLKIQRTQQEDSAVYL
TRBV7-9*01	VSQNPRHKITKRGQNVTFRCDPISEHNRLYWYRQTLGQGPEFLTYFQNEAQLEKSRLLSDRFSAERPKGSFSTLEIQRTEQGDSAMYL
TRBV7-9*02	VSQNPRHNITKRGQNVTFRCDPISEHNRLYWYRQTLGQGPEFLTYFQNEAQLEKSRLLSDRFSAERPKGSFSTLEIQRTEQGDSAMYL
TRBV7-9*03	VSQDPRHKITKRGQNVTFRCDPISEHNRLYWYRQTLGQGPEFLTYFQNEAQLEKSRLLSDRFSAERPKGSFSTLEIQRTEQGDSAMYL
TRBV7-9*04	VSHNPRHKITKRGQNVTFRCDPISEHNRLYWYRQNPGQGPEFLTYFQNEAQLEKSGLLSDRISAERPKGSFSTLEIQRTEQGDSAMYL
TRBV7-9*05	VSQNPRHKITKRGQNVTFRCDPISEHNRLYWYRQTLGQGPEFLTYFQNEAQLEKSRLLSDRFSAERPKGSLSTLEIQRTEQGDSAMYL
TRBV7-9*06	VSQNPRHKITKRGQNVTFRCDPISEHNRLYWYRQTLGQGPEFLTYFQNEAQLEKSRLLSDRFSAERPKGSLSTLEIQRTEQGDSAMYL
TRBV9*01	VTQTPKHLITATGQRVTLRCSPRSGDLSVYWYQQSLDQGLQFLIQYYNGEERAKGNILERFSAQQFPDLHSELNLSSLELGDSALYF
TRBV9*02	VTQTPKHLITATGQRVTLRCSPRSGDLSVYWYQQSLDQGLQFLIHYYNGEERAKGNILERFSAQQFPDLHSELNLSSLELGDSALYF
TRBV9*03	VTQTPKHLITATGQRVTLRCSPRSGDLSVYWYQQSLDQGLQFLIQYYNGEERAKGNILERFSAQQFPDLHSELNLSSLELGDSALYF
TRBJ1-1*01	GQGTRLTVV
TRBJ1-2*01	GSGTRLTVV
TRBJ1-3*01	GEGSWLTVV
TRBJ1-4*01	GSGTQLSVL
TRBJ1-5*01	GDGTRLSIL
TRBJ1-6*01	GNGTRLTVT
TRBJ1-6*02	GNGTRLTVT
TRBJ2-1*01	GPGTRLTVL
TRBJ2-2*01	GEGSRLTVL
TRBJ2-3*01	GPGTRLTVL
TRBJ2-4*01	GAGTRLSVL
TRBJ2-5*01	GPGTRLLVL
TRBJ2-6*01	GAGSRLTVL
TRBJ2-7*01	GPGTRLTVT
